{
  "customMobAbilityMapping": {
    "am2.bosses.EntityAirGuardian": [
      "hostile"
    ],
    "am2.bosses.EntityArcaneGuardian": [
      "hostile"
    ],
    "am2.bosses.EntityEarthGuardian": [
      "hostile"
    ],
    "am2.bosses.EntityFireGuardian": [
      "fireImmunity",
      "hostile"
    ],
    "am2.bosses.EntityNatureGuardian": [
      "hostile"
    ],
    "am2.bosses.EntityWaterGuardian": [
      "hostile"
    ],
    "am2.bosses.EntityWinterGuardian": [
      "hostile"
    ],
    "am2.entities.EntityBattleChicken": [
      "float|-0.114,true",
      "hostile"
    ],
    "am2.entities.EntityDarkling": [
      "hostile"
    ],
    "am2.entities.EntityDarkMage": [
      "hostile"
    ],
    "am2.entities.EntityDryad": [
      ""
    ],
    "am2.entities.EntityEarthElemental": [
      "hostile"
    ],
    "am2.entities.EntityFireElemental": [
      "fireImmunity",
      "hostile"
    ],
    "am2.entities.EntityHecate": [
      "sunburn",
      "fly|false",
      "hostile"
    ],
    "am2.entities.EntityHellCow": [
      "hostile"
    ],
    "am2.entities.EntityLightMage": [
      "hostile"
    ],
    "am2.entities.EntityMageVillager": [
      ""
    ],
    "am2.entities.EntityManaCreeper": [
      "hostile"
    ],
    "am2.entities.EntityManaElemental": [
      "hostile"
    ],
    "am2.entities.EntityWaterElemental": [
      "hostile"
    ],
    "biomesoplenty.entities.EntityBird": [
      "fly|true"
    ],
    "biomesoplenty.entities.EntityGlob": [
      "hostile"
    ],
    "biomesoplenty.entities.EntityJungleSpider": [
      "climb",
      "hostile"
    ],
    "biomesoplenty.entities.EntityRosester": [
      "float|-0.114,true"
    ],
    "biomesoplenty.entities.EntityWasp": [
      "fly|true",
      "hostile"
    ],
    "com.xcompwiz.mystcraft.entity.EntityLinkbook": [
      "waterAllergy"
    ],
    "drzhark.mocreatures.entity.ambient.MoCEntityBee": [
      "fly|false",
      "waterAllergy"
    ],
    "drzhark.mocreatures.entity.ambient.MoCEntityButterfly": [
      "fly|false"
    ],
    "drzhark.mocreatures.entity.ambient.MoCEntityDragonfly": [
      "fly|false"
    ],
    "drzhark.mocreatures.entity.ambient.MoCEntityFirefly": [
      "fly|false"
    ],
    "drzhark.mocreatures.entity.ambient.MoCEntityFly": [
      "fly|false"
    ],
    "drzhark.mocreatures.entity.aquatic.MoCEntityDolphin": [
      "swim|false,1.8F,0.6F,true",
      "hostile"
    ],
    "drzhark.mocreatures.entity.aquatic.MoCEntityFishy": [
      "swim|false,1.4F,0.5F,true"
    ],
    "drzhark.mocreatures.entity.aquatic.MoCEntityJellyFish": [
      "swim|false,1F,0.2F,true",
      "hostile"
    ],
    "drzhark.mocreatures.entity.aquatic.MoCEntityMediumFish": [
      "swim|false,1.3F,0.4F,true"
    ],
    "drzhark.mocreatures.entity.aquatic.MoCEntityPiranha": [
      "swim|false,1.5F,0.4F,true",
      "hostile"
    ],
    "drzhark.mocreatures.entity.aquatic.MoCEntityRay": [
      "swim|false,1.2F,0.2F,true",
      "hostile"
    ],
    "drzhark.mocreatures.entity.aquatic.MoCEntityShark": [
      "swim|false,1.7F,0.6F,true",
      "hostile"
    ],
    "drzhark.mocreatures.entity.aquatic.MoCEntitySmallFish": [
      "swim|false,1.2F,0.3F,true"
    ],
    "drzhark.mocreatures.entity.monster.MoCEntityFlameWraith": [
      "fly|false",
      "hostile",
      "fireImmunity"
    ],
    "drzhark.mocreatures.entity.monster.MoCEntityGolem": [
      "hostile"
    ],
    "drzhark.mocreatures.entity.monster.MoCEntityHellRat": [
      "hostile",
      "fireImmunity"
    ],
    "drzhark.mocreatures.entity.monster.MoCEntityMiniGolem": [
      "hostile",
      "sunburn"
    ],
    "drzhark.mocreatures.entity.monster.MoCEntityOgre": [
      "hostile"
    ],
    "drzhark.mocreatures.entity.monster.MoCEntityRat": [
      "hostile"
    ],
    "drzhark.mocreatures.entity.monster.MoCEntityScorpion": [
      "hostile"
    ],
    "drzhark.mocreatures.entity.monster.MoCEntitySilverSkeleton": [ 
      "hostile",
      "sunburn",
      "poisonResistance"
    ],
    "drzhark.mocreatures.entity.monster.MoCEntityWereWolf": [
      "hostile"
    ],
    "drzhark.mocreatures.entity.monster.MoCEntityWraith": [
      "hostile",
      "sunburn",
      "fly|false"
    ],
    "drzhark.mocreatures.entity.monster.MoCEntityWWolf": [
      "hostile"
    ],
    "drzhark.mocreatures.entity.passive.MoCEntityBird": [
      "fly|false"
    ],
    "drzhark.mocreatures.entity.passive.MoCEntityWyvern": [
      "fly|false"
    ],
    "gaia.entity.EntityGaiaAnubis": [
      "hostile"
    ],
    "gaia.entity.EntityGaiaBanshee": [
      "hostile",
      "sunburn",
      "fly|false"
    ],
    "gaia.entity.EntityGaiaBaphomet": [
      "hostile",
      "fireImmunity",
      "witherResistance"
    ],
    "gaia.entity.EntityGaiaBoneKnight": [
      "hostile",
      "sunburn"
    ],
    "gaia.entity.EntityGaiaBoomer": [
      "hostile"
    ],
    "gaia.entity.EntityGaiaCentaur": [
      "step|1F"
    ],
    "gaia.entity.EntityGaiaCobbleGolem": [
      "hostile",
      "swim|true,0.7F,1F,false"
    ],
    "gaia.entity.EntityGaiaCobblestoneGolem": [
      "hostile",
      "swim|true,0.7F,1F,false"
    ],
    "gaia.entity.EntityGaiaCockatrice": [
      "hostile",
      "float|-0.114,true"
    ],
    "gaia.entity.EntityGaiaCyclops": [
      "hostile",
      "step|2F",
      "fallNegate"
    ],
    "gaia.entity.EntityGaiaDryad": [
      "poisonResistance"
    ],
    "gaia.entity.EntityGaiaDullahan": [
      "hostile"
    ],
    "gaia.entity.EntityGaiaEnderDragonGirl": [
      "hostile",
      "waterAllergy",
      "fly|false"
    ],
    "gaia.entity.EntityGaiaEnderEye": [
      "hostile",
      "waterAllergy",
      "fly|false"
    ],
    "gaia.entity.EntityGaiaFleshLich": [
      "hostile",
      "sunburn",
      "poisonResistance"
    ],
    "gaia.entity.EntityGaiaGigaKnight": [
      "hostile",
      "swim|true,1F,1F,false"
    ],
    "gaia.entity.EntityGaiaGryphon": [
      "fly|true"
    ],
    "gaia.entity.EntityGaiaHarpy": [
      "hostile",
      "fly|true"
    ],
    "gaia.entity.EntityGaiaMandragora": [
      "poisonResistance"
    ],
    "gaia.entity.EntityGaiaMermaid": [
      "swim|true,1.4F,1F,true" 
    ],
    "gaia.entity.EntityGaiaMimic": [
      "hostile"
    ],
    "gaia.entity.EntityGaiaMinotaur": [
      "hostile",
      "fireImmunity",
      "fallNegate",
      "step|1F"
    ],
    "gaia.entity.EntityGaiaMinotaurus": [
      "hostile",
      "step|1F"
    ],
    "gaia.entity.EntityGaiaMummy": [
      "hostile",
      "sunburn"
    ],
    "gaia.entity.EntityGaiaNaga": [
      "hostile",
      "swim|true,1.4F,1F,true"
    ],
    "gaia.entity.EntityGaiaNineTails": [
      "hostile",
      "fireImmunity"
    ],
    "gaia.entity.EntityGaiaSahuagin": [
      "hostile",
      "swim|true,1.4F,1F,true"
    ],
    "gaia.entity.EntityGaiaShaman": [
      "hostile"
    ],
    "gaia.entity.EntityGaiaSharko": [
      "hostile",
      "swim|true,1.6F,1F,true"
    ],
    "gaia.entity.EntityGaiaSiren": [
      "hostile",
      "swim|true,1.4F,1F,true"
    ],
    "gaia.entity.EntityGaiaSphinx": [
      "hostile",
      "fireImmunity",
      "fly|true"
    ],
    "gaia.entity.EntityGaiaSpiderQueen": [
      "hostile",
      "climb",
      "poisonResistance"
    ],
    "gaia.entity.EntityGaiaSpriggan": [
      "hostile"
    ],
    "gaia.entity.EntityGaiaSuccubus": [
      "hostile",
      "fly|false",
      "fireImmunity"
    ],
    "gaia.entity.EntityGaiaValkyrie": [
      "hostile",
      "fireImmunity",
      "fly|false",
      "step|1F"
    ],
    "gaia.entity.EntityGaiaVampire": [
      "hostile",
      "sunburn",
      "fly|false"
    ],
    "gaia.entity.EntityGaiaWerecat": [
      "hostile",
      "step|1F",
      "fallNegate",
      "climb"
    ],
    "gaia.entity.EntityGaiaWitch": [
      "hostile",
      "poisonResistance",
      "fly|false"
    ],
    "gaia.entity.EntityGaiaWitherCow": [
      "hostile",
      "witherResistance"
    ],
    "gaia.entity.EntityGaiaYeti": [
      "hostile",
      "step|1F"
    ],
    "gaia.entity.EntityGaiaYukiOnna": [
      "hostile",
      "float|-0.114,true"
    ],
    "mods.natura.entity.BabyHeatscarSpider": [
      "climb",
      "fireImmunity",
      "hostile"
    ],
    "mods.natura.entity.HeatscarSpider": [
      "climb",
      "fireImmunity",
      "hostile"
    ],
    "mods.natura.entity.ImpEntity": [
      "fireImmunity",
      "hostile"
    ],
    "mods.natura.entity.NitroCreeper": [
      "fireImmunity",
      "hostile"
    ],
    "morenature.entity.water.EntityWhale": [
      "swim|false,1F,1F,true"
    ],
    "morenature.entity.water.EntitySwimming": [
      "swim|false,1F,1F,true"
    ],
    "morenature.entity.water.EntityFish": [
      "swim|false,1F,1F,true"
    ],
    "morenature.entity.water.EntityAngler": [
      "swim|false,1F,1F,true",
      "hostile"
    ],
    "morenature.entity.passive.EntityWingedBug": [
      "fly|true"
    ],
    "morenature.entity.passive.EntitySnake": [
      "hostile"
    ],
    "morenature.entity.passive.EntityCentipede": [
      "hostile"
    ],
    "morenature.entity.passive.EntityBird": [
      "fly|true",
      "float|-0.114,true"
    ],
    "noppes.animalbikes.entity.EntityDragonBike": [
      "fly|true",
      "hostile"
    ],
    "noppes.animalbikes.entity.EntityPonyFlyingBike": [
      "fly|true"
    ],
    "noppes.animalbikes.entity.EntityNotchBike": [
      "hostile"
    ],
    "noppes.animalbikes.entity.EntityGhastBike": [
      "fly|true",
      "hostile"
    ],
    "noppes.animalbikes.entity.EntityCreeperBike": [
      "hostile"
    ],
    "noppes.animalbikes.entity.EntityEnderBike": [
      "hostile"
    ],
    "noppes.animalbikes.entity.EntityChocoboBike": [
      "float|-0.114,true"
    ],
    "noppes.animalbikes.entity.EntityChineseDragonBike": [
      "fly|true"
    ],
    "noppes.animalbikes.entity.EntityChickenBike": [
      "float|-0.114,true"
    ],
    "noppes.animalbikes.entity.EntityBatBike": [
      "fly|true"
    ],
    "noppes.animalbikes.entity.EntitySquidBike": [
      "swim|false"
    ],
    "noppes.animalbikes.entity.EntitySlimeBike": [
      "hostile"
    ],
    "noppes.animalbikes.entity.types.EntityRidableSwimming": [
      "swim|false"
    ],
    "noppes.animalbikes.entity.types.EntityRidableFlying": [
      "fly|true"
    ],
    "tconstruct.entity.BlueSlime": [
      "hostile"
    ],
    "thaumcraft.common.entities.golems.EntityGolemBase": [
      "swim|true,1F,1F,false"
    ],
    "thaumcraft.common.entities.monster.EntityBrainyZombie": [
      "sunburn",
      "hostile"
    ],
    "thaumcraft.common.entities.monster.EntityFireBat": [
      "fireImmunity",
      "fly|true",
      "hostile"
    ],
    "thaumcraft.common.entities.monster.EntityGiantBrainyZombie": [
      "sunburn",
      "hostile"
    ],
    "thaumcraft.common.entities.monster.EntityPech": [
      ""
    ],
    "thaumcraft.common.entities.monster.EntityTaintChicken": [
      "float|-0.114,true",
      "hostile"
    ],
    "thaumcraft.common.entities.monster.EntityWisp": [
      "fly|false",
      "hostile"
    ],
    "twilightforest.entity.EntityTFDeathTome": [
      "fly|true",
      "hostile"
    ],
    "twilightforest.entity.EntityTFFireBeetle": [
      "fireImmunity",
      "hostile"
    ],
    "twilightforest.entity.EntityTFHedgeSpider": [
      "climb",
      "hostile"
    ],
    "twilightforest.entity.EntityTFMiniGhast": [
      "fly|false",
      "hostile"
    ],
    "twilightforest.entity.EntityTFMosquitoSwarm": [
      "fly|true",
      "hostile"
    ],
    "twilightforest.entity.EntityTFPinchBeetle": [
      "hostile"
    ],
    "twilightforest.entity.EntityTFPenguin": [
      "float|-0.114,true"
    ],
    "twilightforest.entity.EntityTFSwarmSpider": [
      "climb",
      "hostile"
    ],
    "twilightforest.entity.passive.EntityTFMobileFirefly": [
      "fly|true"
    ],
    "twilightforest.entity.passive.EntityTFRaven": [
      "fly|true"
    ],
    "twilightforest.entity.passive.EntityTFTinyBird": [
      "fly|true"
    ]
  }
}
